Rank,Country,Continent,Score,Happiness Score,Year
1,Finland,Europe,7.632,7632,2018
2,Norway,Europe,7.594,7594,2018
3,Denmark,Europe,7.555,7555,2018
4,Iceland,Europe,7.495,7495,2018
5,Switzerland,Europe,7.487,7487,2018
6,Netherlands,Europe,7.441,7441,2018
7,Canada,North America,7.328,7328,2018
8,New Zealand,Australasia,7.324,7324,2018
9,Sweden,Europe,7.314,7314,2018
10,Australia,Australasia,7.272,7272,2018
11,United Kingdom,Europe,7.19,7190,2018
12,Austria,Europe,7.139,7139,2018
13,Costa Rica,South America,7.072,7072,2018
14,Ireland,Europe,6.977,6977,2018
15,Germany,Europe,6.965,6965,2018
16,Belgium,Europe,6.927,6927,2018
17,Luxembourg,Europe,6.91,6910,2018
18,United States of America,North America,6.886,6886,2018
19,Israel,Africa,6.814,6814,2018
20,United Arab Emirates,Africa,6.711,6711,2018
21,Czechia,Europe,6.627,6627,2018
22,Malta,Europe,6.489,6489,2018
23,France,Europe,6.488,6488,2018
24,Mexico,South America,6.476,6476,2018
25,Chile,South America,6.441,6441,2018
26,Taiwan,Asia,6.43,6430,2018
27,Panama,South America,6.419,6419,2018
28,Brazil,South America,6.388,6388,2018
29,Argentina,South America,6.382,6382,2018
30,Guatemala,South America,6.379,6379,2018
31,Uruguay,South America,6.371,6371,2018
32,Saudi Arabia,Africa,6.343,6343,2018
33,Singapore,Asia,6.322,6322,2018
34,Malaysia,Asia,6.31,6310,2018
35,Spain,Europe,6.26,6260,2018
36,Colombia,South America,6.173,6173,2018
37,Slovakia,Europe,6.167,6167,2018
38,El Salvador,South America,6.141,6141,2018
39,Nicaragua,South America,6.123,6123,2018
40,Poland,Europe,6.105,6105,2018
41,Bahrain,Africa,6.096,6096,2018
42,Uzbekistan,Aia,6.083,6083,2018
43,Kuwait,Africa,6.072,6072,2018
44,Thailand,Asia,6,6000,2018
45,Italy,Europe               ,5.973,5973,2018
46,Ecuador,South America,5.952,5952,2018
47,Lithuania,Europe,5.948,5948,2018
48,Slovenia,Europe,5.945,5945,2018
49,Romania,Europe,5.933,5933,2018
50,Latvia,Europe,5.915,5915,2018
51,Japan,Asia,5.891,5891,2018
52,Mauritius,Africa,5.89,5890,2018
53,Jamaica,South America,5.875,5875,2018
54,South Korea,Asia,5.835,5835,2018
55,N. Cyprus,Europe,5.81,5810,2018
56,Russia,Europe,5.79,5790,2018
57,Kazakhstan,Asia,5.762,5762,2018
58,Cyprus,Europe,5.752,5752,2018
59,Bolivia,South America,5.739,5739,2018
60,Estonia,Europe,5.681,5681,2018
61,Paraguay,South America,5.663,5663,2018
62,Peru,South America,5.662,5662,2018
63,Kosovo,Europe,5.64,5640,2018
64,Moldova,Europe,5.636,5636,2018
65,Turkmenistan,Asia,5.62,5620,2018
66,Hungary,Europe,5.566,5566,2018
67,Libya,Africa,5.524,5524,2018
68,Philippines,Asia,5.504,5504,2018
69,Honduras,South America,5.483,5483,2018
70,Belarus,Europe,5.483,5483,2018
71,Turkey,Africa,5.472,5472,2018
72,Pakistan,Asia,5.43,5430,2018
73,Hong Kong,Asia,5.41,5410,2018
74,Portugal,Europe,5.398,5398,2018
75,Serbia,Europe,5.358,5358,2018
76,Greece,Europe,5.358,5358,2018
77,Lebanon,Africa,5.347,5347,2018
78,Montenegro,Europe,5.321,5321,2018
79,Croatia,Europe,5.302,5302,2018
80,Dominican Rep.,South America,5.295,5295,2018
81,Algeria,Africa,5.254,5254,2018
82,Morocco,Africa,5.246,5246,2018
83,China,Asia,5.201,5201,2018
84,Azerbaijan,Europe,5.199,5199,2018
85,Tajikistan,Asia,5.185,5185,2018
86,Macedonia,Europe,5.161,5161,2018
87,Jordan,Africa,5.155,5155,2018
88,Nigeria,Africa,5.131,5131,2018
89,Kyrgyzstan,Asia,5.129,5129,2018
90,Bosnia and Herzegovina,Europe,5.125,5125,2018
91,Mongolia,Asia,5.103,5103,2018
92,Vietnam,Asia,5.093,5093,2018
93,Indonesia,Asia,4.975,4975,2018
94,Cameroon,Africa,4.933,4933,2018
95,Bulgaria,Europe,4.88,4880,2018
96,Nepal,Asia,4.806,4806,2018
97,Venezuela,South America,4.758,4758,2018
98,Gabon,Africa,4.743,4743,2018
99,Palestine,Africa,4.724,4724,2018
100,South Africa,Africa,4.707,4707,2018
101,Iran,Africa,4.671,4671,2018
102,Côte d'Ivoire,Africa,4.657,4657,2018
103,Ghana,Africa,4.631,4631,2018
104,Senegal,Africa,4.623,4623,2018
105,Laos,Asia,4.592,4592,2018
106,Tunisia,Africa,4.586,4586,2018
107,Albania,Europe,4.571,4571,2018
108,Sierra Leone,Africa,4.559,4559,2018
109,Congo,Africa,4.5,4500,2018
110,Bangladesh,Asia,4.471,4471,2018
111,Sri Lanka,Asia,4.456,4456,2018
112,Iraq,Africa,4.447,4447,2018
113,Mali,Africa,4.441,4441,2018
114,Namibia,Africa,4.433,4433,2018
115,Cambodia,Asia,4.424,4424,2018
116,Burkina Faso,Africa,4.419,4419,2018
117,Egypt,Africa,4.417,4417,2018
118,Mozambique,Africa,4.41,4410,2018
119,Kenya,Africa,4.377,4377,2018
120,Zambia,Africa,4.356,4356,2018
121,Mauritania,Africa,4.35,4350,2018
122,Ethiopia,Africa,4.34,4340,2018
123,Georgia,Europe,4.321,4321,2018
124,Armenia,Asia,4.308,4308,2018
125,Myanmar,Asia,4.301,4301,2018
126,Chad,Africa,4.19,4190,2018
127,India,Asia,4.166,4166,2018
128,Niger,Africa,4.161,4161,2018
129,Uganda,Africa,4.141,4141,2018
130,Benin,Africa,4.139,4139,2018
131,Sudan,Africa,4.103,4103,2018
132,Ukraine,Europe,3.999,3999,2018
133,Togo,Africa,3.964,3964,2018
134,Guinea,Africa,3.808,3808,2018
135,Lesotho,Africa,3.795,3795,2018
136,Madagascar,Africa,3.774,3774,2018
137,Zimbabwe,Africa,3.692,3692,2018
138,Afghanistan,Asia,3.632,3632,2018
139,Botswana,Africa,3.59,3590,2018
140,Malawi,Africa,3.587,3587,2018
141,Haiti,South America,3.582,3582,2018
142,Liberia,Africa,3.495,3495,2018
143,Rwanda,Africa,3.408,3408,2018
144,Yemen,Africa,3.355,3355,2018
145,Tanzania,Africa,3.303,3303,2018
146,S. Sudan,Africa,3.254,3254,2018
147,Central African Rep.,Africa,3.083,3083,2018
148,Burundi,Africa,2.905,2905,2018
1,Finland,Europe,7.769,7769,2019
2,Denmark,Europe,7.6,7600,2019
3,Norway,Europe,7.554,7554,2019
4,Iceland,Europe,7.494,7494,2019
5,Netherlands,Europe,7.488,7488,2019
6,Switzerland,Europe,7.48,7480,2019
7,Sweden,Europe,7.343,7343,2019
8,New Zealand,Australasia,7.307,7307,2019
9,Canada,North America,7.278,7278,2019
10,Austria,Europe,7.246,7246,2019
11,Australia,Australasia,7.228,7228,2019
12,Costa Rica,South America,7.167,7167,2019
13,Israel,Africa,7.139,7139,2019
14,Luxembourg,Europe,7.09,7090,2019
15,United Kingdom,Europe,7.054,7054,2019
16,Ireland,Europe,7.021,7021,2019
17,Germany,Europe,6.985,6985,2019
18,Belgium,Europe,6.923,6923,2019
19,United States of America,North America,6.892,6892,2019
20,Czechia,Europe,6.852,6852,2019
21,United Arab Emirates,Africa,6.825,6825,2019
22,Malta,Europe,6.726,6726,2019
23,Mexico,South America,6.595,6595,2019
24,France,Europe,6.592,6592,2019
25,Taiwan,Asia,6.446,6446,2019
26,Chile,South America,6.444,6444,2019
27,Guatemala,South America,6.436,6436,2019
28,Saudi Arabia,Africa,6.375,6375,2019
29,Spain,Europe,6.354,6354,2019
30,Panama,South America,6.321,6321,2019
31,Brazil,South America,6.3,6300,2019
32,Uruguay,South America,6.293,6293,2019
33,Singapore,Asia,6.262,6262,2019
34,El Salvador,South America,6.253,6253,2019
35,Italy,Europe,6.223,6223,2019
36,Bahrain,Africa,6.199,6199,2019
37,Slovakia,Europe,6.198,6198,2019
38,Poland,Europe,6.182,6182,2019
39,Uzbekistan,Asia,6.174,6174,2019
40,Lithuania,Europe,6.149,6149,2019
41,Colombia,South America,6.125,6125,2019
42,Slovenia,Europe,6.118,6118,2019
43,Nicaragua,South America,6.105,6105,2019
44,Kosovo,Europe,6.1,6100,2019
45,Argentina,South America,6.086,6086,2019
46,Romania,Europe,6.07,6070,2019
47,Cyprus,Europe,6.046,6046,2019
48,Ecuador,South America,6.028,6028,2019
49,Kuwait,Africa,6.021,6021,2019
50,Thailand,Asia,6.008,6008,2019
51,Latvia,Europe,5.94,5940,2019
52,South Korea,Asia,5.895,5895,2019
53,Estonia,Europe,5.893,5893,2019
54,Jamaica,South America,5.89,5890,2019
55,Mauritius,Africa,5.888,5888,2019
56,Japan,Asia,5.886,5886,2019
57,Honduras,South America,5.86,5860,2019
58,Kazakhstan,Asia,5.809,5809,2019
59,Bolivia,South America,5.779,5779,2019
60,Hungary,Europe,5.758,5758,2019
61,Paraguay,South America,5.743,5743,2019
62,N. Cyprus,Europe,5.718,5718,2019
63,Peru,South America,5.697,5697,2019
64,Portugal,Europe,5.693,5693,2019
65,Pakistan,Asia,5.653,5653,2019
66,Russia,Europe,5.648,5648,2019
67,Philippines,Asia,5.631,5631,2019
68,Serbia,Europe,5.603,5603,2019
69,Moldova,Europe,5.529,5529,2019
70,Libya,Africa,5.525,5525,2019
71,Montenegro,Europe,5.523,5523,2019
72,Tajikistan,Asia,5.467,5467,2019
73,Croatia,Europe,5.432,5432,2019
74,Hong Kong,Asia,5.43,5430,2019
75,Dominican Rep.,South America,5.425,5425,2019
76,Bosnia and Herzegovina,Europe,5.386,5386,2019
77,Turkey,Africa,5.373,5373,2019
78,Malaysia,Asia,5.339,5339,2019
79,Belarus,Europe,5.323,5323,2019
80,Greece,Europe,5.287,5287,2019
81,Mongolia,Asia,5.285,5285,2019
82,North Macedonia,Europe,5.274,5274,2019
83,Nigeria,Africa,5.265,5265,2019
84,Kyrgyzstan,Asia,5.261,5261,2019
85,Turkmenistan,Asia,5.247,5247,2019
86,Algeria,Africa,5.211,5211,2019
87,Morocco,Africa,5.208,5208,2019
88,Azerbaijan,Europe,5.208,5208,2019
89,Lebanon,Africa,5.197,5197,2019
90,Indonesia,Asia,5.192,5192,2019
91,China,Asia,5.191,5191,2019
92,Vietnam,Asia,5.175,5175,2019
93,Cameroon,Africa,5.044,5044,2019
94,Bulgaria,Europe,5.011,5011,2019
95,Ghana,Africa,4.996,4996,2019
96,Côte d'Ivoire,Africa,4.944,4944,2019
97,Nepal,Asia,4.913,4913,2019
98,Jordan,Africa,4.906,4906,2019
99,Benin,Africa,4.883,4883,2019
100,Congo,Africa,4.812,4812,2019
101,Gabon,Africa,4.799,4799,2019
102,Laos,Asia,4.796,4796,2019
103,South Africa,Africa,4.722,4722,2019
104,Albania,Europe,4.719,4719,2019
105,Venezuela,South America,4.707,4707,2019
106,Cambodia,Asia,4.7,4700,2019
107,Palestine,Africa,4.696,4696,2019
108,Senegal,Africa,4.681,4681,2019
109,Namibia,Africa,4.639,4639,2019
110,Niger,Africa,4.628,4628,2019
111,Burkina Faso,Africa,4.587,4587,2019
112,Armenia,Asia,4.559,4559,2019
113,Iran,Africa,4.548,4548,2019
114,Guinea,Africa,4.534,4534,2019
115,S. Geo. and the Is.,Europe,4.519,4519,2019
116,Gambia,Africa,4.516,4516,2019
117,Kenya,Africa,4.509,4509,2019
118,Mauritania,Africa,4.49,4490,2019
119,Mozambique,Africa,4.466,4466,2019
120,Tunisia,Africa,4.461,4461,2019
121,Bangladesh,Asia,4.456,4456,2019
122,Iraq,Africa,4.437,4437,2019
123,Congo,Africa,4.418,4418,2019
124,Mali,Africa,4.39,4390,2019
125,Sierra Leone,Africa,4.374,4374,2019
126,Sri Lanka,Asia,4.366,4366,2019
127,Myanmar,Asia,4.36,4360,2019
128,Chad,Africa,4.35,4350,2019
129,Ukraine,Europe,4.332,4332,2019
130,Ethiopia,Africa,4.286,4286,2019
131,eSwatini,Africa,4.212,4212,2019
132,Uganda,Africa,4.189,4189,2019
133,Egypt,Africa,4.166,4166,2019
134,Zambia,Africa,4.107,4107,2019
135,Togo,Africa,4.085,4085,2019
136,India,Asia,4.015,4015,2019
137,Liberia,Africa,3.975,3975,2019
138,Comoros,Africa,3.973,3973,2019
139,Madagascar,Africa,3.933,3933,2019
140,Lesotho,Africa,3.802,3802,2019
141,Burundi,Africa,3.775,3775,2019
142,Zimbabwe,Africa,3.663,3663,2019
143,Haiti,South America,3.597,3597,2019
144,Botswana,Africa,3.488,3488,2019
145,Malawi,Africa,3.41,3410,2019
146,Yemen,Africa,3.38,3380,2019
147,Rwanda,Africa,3.334,3334,2019
148,Tanzania,Africa,3.231,3231,2019
149,Afghanistan,Asia,3.203,3203,2019
1,Finland,Europe,7.808700085,7808.700085,2020
2,Denmark,Europe,7.645599842,7645.599842,2020
3,Switzerland,Europe,7.559899807,7559.899807,2020
4,Iceland,Europe,7.504499912,7504.499912,2020
5,Norway,Europe,7.487999916,7487.999916,2020
6,Netherlands,Europe,7.448900223,7448.900223,2020
7,Sweden,Europe,7.353499889,7353.499889,2020
8,New Zealand,Australasia,7.299600124,7299.600124,2020
9,Austria,Europe,7.294199944,7294.199944,2020
10,Luxembourg,Europe,7.237500191,7237.500191,2020
11,Canada,North America,7.23210001,7232.10001,2020
12,Australia,Australasia,7.222799778,7222.799778,2020
13,United Kingdom,Europe,7.164500237,7164.500237,2020
14,Israel,Africa,7.128600121,7128.600121,2020
15,Costa Rica,South America,7.121399879,7121.399879,2020
16,Ireland,Europe,7.093699932,7093.699932,2020
17,Germany,Europe,7.075799942,7075.799942,2020
18,United States of America,North America,6.939599991,6939.599991,2020
19,Czechia,Europe,6.910900116,6910.900116,2020
20,Belgium,Europe,6.863500118,6863.500118,2020
21,United Arab Emirates,Africa,6.790800095,6790.800095,2020
22,Malta,Europe,6.772799969,6772.799969,2020
23,France,Europe,6.663799763,6663.799763,2020
24,Mexico,South America,6.465000153,6465.000153,2020
25,Taiwan,Asia,6.45539999,6455.39999,2020
26,Uruguay,South America,6.440100193,6440.100193,2020
27,Saudi Arabia,Africa,6.406499863,6406.499863,2020
28,Spain,Europe,6.400899887,6400.899887,2020
29,Guatemala,South America,6.398900032,6398.900032,2020
30,Italy,Europe,6.38740015,6387.40015,2020
31,Singapore,Asia,6.377099991,6377.099991,2020
32,Brazil,South America,6.375599861,6375.599861,2020
33,Slovenia,Europe,6.363399982,6363.399982,2020
34,El Salvador,South America,6.34829998,6348.29998,2020
35,Kosovo,Europe,6.325200081,6325.200081,2020
36,Panama,South America,6.304800034,6304.800034,2020
37,Slovakia,Europe,6.280600071,6280.600071,2020
38,Uzbekistan,Asia,6.257599831,6257.599831,2020
39,Chile,South America,6.228499889,6228.499889,2020
40,Bahrain,Africa,6.227300167,6227.300167,2020
41,Lithuania,Europe,6.215499878,6215.499878,2020
42,Trinidad and Tobago,South America,6.191899776,6191.899776,2020
43,Poland,Europe,6.186299801,6186.299801,2020
44,Colombia,South America,6.163400173,6163.400173,2020
45,Cyprus,Europe,6.15899992,6158.99992,2020
46,Nicaragua,South America,6.13710022,6137.10022,2020
47,Romania,Europe,6.123700142,6123.700142,2020
48,Kuwait,Africa,6.102099895,6102.099895,2020
49,Mauritius,Africa,6.101299763,6101.299763,2020
50,Kazakhstan,Asia,6.057899952,6057.899952,2020
51,Estonia,Europe,6.021800041,6021.800041,2020
52,Philippines,Asia,6.006000042,6006.000042,2020
53,Hungary,Europe,6.000400066,6000.400066,2020
54,Thailand,Asia,5.998799801,5998.799801,2020
55,Argentina,South America,5.974699974,5974.699974,2020
56,Honduras,South America,5.953199863,5953.199863,2020
57,Latvia,Europe,5.949999809,5949.999809,2020
58,Ecuador,South America,5.925199986,5925.199986,2020
59,Portugal,Europe,5.910900116,5910.900116,2020
60,Jamaica,South America,5.889800072,5889.800072,2020
61,South Korea,Asia,5.872399807,5872.399807,2020
62,Japan,Asia,5.870800018,5870.800018,2020
63,Peru,South America,5.796800137,5796.800137,2020
64,Serbia,Europe,5.77820015,5778.20015,2020
65,Bolivia,South America,5.747499943,5747.499943,2020
66,Pakistan,Asia,5.69329977,5693.29977,2020
67,Paraguay,South America,5.692100048,5692.100048,2020
68,Dominican Rep.,South America,5.689199924,5689.199924,2020
69,Bosnia and Herzegovina,Europe,5.674099922,5674.099922,2020
70,Moldova,Europe,5.607500076,5607.500076,2020
71,Tajikistan,Asia,5.555699825,5555.699825,2020
72,Montenegro,Europe,5.54610014,5546.10014,2020
73,Russia,Europe,5.546000004,5546.000004,2020
74,Kyrgyzstan,Europe,5.541500092,5541.500092,2020
75,Belarus,Europe,5.539899826,5539.899826,2020
76,N. Cyprus,Europe,5.53550005,5535.50005,2020
77,Greece,Europe,5.514999866,5514.999866,2020
78,Hong Kong,Asia,5.510399818,5510.399818,2020
79,Croatia,Europe,5.504700184,5504.700184,2020
80,Libya,Africa,5.488800049,5488.800049,2020
81,Mongolia,Asia,5.456200123,5456.200123,2020
82,Malaysia,Asia,5.384300232,5384.300232,2020
83,Vietnam,Asia,5.353499889,5353.499889,2020
84,Indonesia,Asia,5.285600185,5285.600185,2020
85,Côte d'Ivoire,Africa,5.233300209,5233.300209,2020
86,Benin,Africa,5.21600008,5216.00008,2020
87,Maldives,Asia,5.197599888,5197.599888,2020
88,Congo,Africa,5.194399834,5194.399834,2020
89,Azerbaijan,Europe,5.164800167,5164.800167,2020
90,North Macedonia,Europe,5.159800053,5159.800053,2020
91,Ghana,Africa,5.147999763,5147.999763,2020
92,Nepal,Asia,5.137199879,5137.199879,2020
93,Turkey,Africa,5.131800175,5131.800175,2020
94,China,Asia,5.123899937,5123.899937,2020
95,Turkmenistan,Asia,5.119100094,5119.100094,2020
96,Bulgaria,Europe,5.101500034,5101.500034,2020
97,Morocco,Africa,5.094799995,5094.799995,2020
98,Cameroon,Africa,5.084899902,5084.899902,2020
99,Venezuela,South America,5.053199768,5053.199768,2020
100,Algeria,Africa,5.005099773,5005.099773,2020
101,Senegal,Africa,4.980800152,4980.800152,2020
102,Guinea,Africa,4.949299812,4949.299812,2020
103,Niger,Africa,4.909599781,4909.599781,2020
104,Laos,Asia,4.888599873,4888.599873,2020
105,Albania,Europe,4.882699966,4882.699966,2020
106,Cambodia,Asia,4.848400116,4848.400116,2020
107,Bangladesh,Asia,4.832799911,4832.799911,2020
108,Gabon,Africa,4.829299927,4829.299927,2020
109,South Africa,Africa,4.814099789,4814.099789,2020
110,Iraq,Africa,4.784800053,4784.800053,2020
111,Lebanon,Africa,4.771500111,4771.500111,2020
112,Burkina Faso,Africa,4.768700123,4768.700123,2020
113,Gambia,Africa,4.750599861,4750.599861,2020
114,Mali,Africa,4.729300022,4729.300022,2020
115,Nigeria,Africa,4.724100113,4724.100113,2020
116,Armenia,Asia,4.676799774,4676.799774,2020
117,S. Geo. and the Is.,Europe,4.672599792,4672.599792,2020
118,Iran,Africa,4.672399998,4672.399998,2020
119,Jordan,Africa,4.633399963,4633.399963,2020
120,Mozambique,Africa,4.623600006,4623.600006,2020
121,Kenya,Africa,4.583000183,4583.000183,2020
122,Namibia,Africa,4.571100235,4571.100235,2020
123,Ukraine,Europe,4.56069994,4560.69994,2020
124,Liberia,Africa,4.557899952,4557.899952,2020
125,Palestine,Africa,4.552800179,4552.800179,2020
126,Uganda,Africa,4.43200016,4432.00016,2020
127,Chad,Africa,4.422699928,4422.699928,2020
128,Tunisia,Africa,4.392199993,4392.199993,2020
129,Mauritania,Africa,4.374599934,4374.599934,2020
130,Sri Lanka,Asia,4.327000141,4327.000141,2020
131,eSwatini,Africa,4.308100224,4308.100224,2020
132,Myanmar,Asia,4.308000088,4308.000088,2020
133,Comoros,Africa,4.288599968,4288.599968,2020
134,Togo,Africa,4.187200069,4187.200069,2020
135,Ethiopia,Africa,4.186200142,4186.200142,2020
136,Madagascar,Africa,4.165599823,4165.599823,2020
137,Egypt,Africa,4.151400089,4151.400089,2020
138,Sierra Leone,Africa,3.926399946,3926.399946,2020
139,Burundi,Africa,3.775300026,3775.300026,2020
140,Zambia,Africa,3.759399891,3759.399891,2020
141,Haiti,South America,3.720799923,3720.799923,2020
142,Lesotho,Africa,3.652800083,3652.800083,2020
143,India,Asia,3.573299885,3573.299885,2020
144,Malawi,Africa,3.538000107,3538.000107,2020
145,Yemen,Africa,3.527400017,3527.400017,2020
146,Botswana,Africa,3.478899956,3478.899956,2020
147,Tanzania,Africa,3.476200104,3476.200104,2020
148,Central African Rep.,Africa,3.475899935,3475.899935,2020
149,Rwanda,Africa,3.312299967,3312.299967,2020
150,Zimbabwe,Africa,3.299200058,3299.200058,2020
151,S. Sudan,Africa,2.816600084,2816.600084,2020
152,Afghanistan,Asia,2.566900015,2566.900015,2020
1,Finland,Europe,7.842,7842,2021
2,Denmark,Europe,7.62,7620,2021
3,Switzerland,Europe,7.571,7571,2021
4,Iceland,Europe,7.554,7554,2021
5,Netherlands,Europe,7.464,7464,2021
6,Norway,Europe,7.392,7392,2021
7,Sweden,Europe,7.363,7363,2021
8,Luxembourg,Europe,7.324,7324,2021
9,New Zealand,Australasia,7.277,7277,2021
10,Austria,Europe,7.268,7268,2021
11,Australia,Australasia,7.183,7183,2021
12,Israel,Africa,7.157,7157,2021
13,Germany,Europe,7.155,7155,2021
14,Canada,North America,7.103,7103,2021
15,Ireland,Europe,7.085,7085,2021
16,Costa Rica,South America,7.069,7069,2021
17,United Kingdom,Europe,7.064,7064,2021
18,Czechia,Europe,6.965,6965,2021
19,United States of America,North America,6.951,6951,2021
20,Belgium,Europe,6.834,6834,2021
21,France,Europe,6.69,6690,2021
22,Bahrain,Africa,6.647,6647,2021
23,Malta,Europe,6.602,6602,2021
24,Taiwan,Asia,6.584,6584,2021
25,United Arab Emirates,Africa,6.561,6561,2021
26,Saudi Arabia,Africa,6.494,6494,2021
27,Spain,Europe,6.491,6491,2021
28,Italy,Europe,6.483,6483,2021
29,Slovenia,Europe,6.461,6461,2021
30,Guatemala,South America,6.435,6435,2021
31,Uruguay,South America,6.431,6431,2021
32,Singapore,Asia,6.377,6377,2021
33,Kosovo,Europe,6.372,6372,2021
34,Slovakia,Europe,6.331,6331,2021
35,Brazil,South America,6.33,6330,2021
36,Mexico,South America,6.317,6317,2021
37,Jamaica,South America,6.309,6309,2021
38,Lithuania,Europe,6.255,6255,2021
39,Cyprus,Europe,6.223,6223,2021
40,Estonia,Europe,6.189,6189,2021
41,Panama,South America,6.18,6180,2021
42,Uzbekistan,Asia,6.179,6179,2021
43,Chile,South America,6.172,6172,2021
44,Poland,Europe,6.166,6166,2021
45,Kazakhstan,Asia,6.152,6152,2021
46,Romania,Europe,6.14,6140,2021
47,Kuwait,Africa,6.106,6106,2021
48,Serbia,Europe,6.078,6078,2021
49,El Salvador,South America,6.061,6061,2021
50,Mauritius,Africa,6.049,6049,2021
51,Latvia,Europe,6.032,6032,2021
52,Colombia,South America,6.012,6012,2021
53,Hungary,Europe,5.992,5992,2021
54,Thailand,Asia,5.985,5985,2021
55,Nicaragua,South America,5.972,5972,2021
56,Japan,Asia,5.94,5940,2021
57,Argentina,South America,5.929,5929,2021
58,Portugal,Europe,5.929,5929,2021
59,Honduras,South America,5.919,5919,2021
60,Croatia,Europe,5.882,5882,2021
61,Philippines,Asia,5.88,5880,2021
62,South Korea,Asia,5.845,5845,2021
63,Peru,South America,5.84,5840,2021
64,Bosnia and Herzegovina,Europe,5.813,5813,2021
65,Moldova,Europe,5.766,5766,2021
66,Ecuador,South America,5.764,5764,2021
67,Kyrgyzstan,Asia,5.744,5744,2021
68,Greece,Europe,5.723,5723,2021
69,Bolivia,South America,5.716,5716,2021
70,Mongolia,Asia,5.677,5677,2021
71,Paraguay,South America,5.653,5653,2021
72,Montenegro,Europe,5.581,5581,2021
73,Dominican Rep.,South America,5.545,5545,2021
74,N. Cyprus,Europe,5.536,5536,2021
75,Belarus,Europe,5.534,5534,2021
76,Russia,Europe,5.477,5477,2021
77,Hong Kong,Asia,5.477,5477,2021
78,Tajikistan,Asia,5.466,5466,2021
79,Vietnam,Asia,5.411,5411,2021
80,Libya,Africa,5.41,5410,2021
81,Malaysia,Asia,5.384,5384,2021
82,Indonesia,Asia,5.345,5345,2021
83,Dem. Rep. Congo,Africa,5.342,5342,2021
84,China,Asia,5.339,5339,2021
85,Côte d'Ivoire,Africa,5.306,5306,2021
86,Armenia,Asia,5.283,5283,2021
87,Nepal,Asia,5.269,5269,2021
88,Bulgaria,Europe,5.266,5266,2021
89,Maldives,Asia,5.198,5198,2021
90,Azerbaijan,Europe,5.171,5171,2021
91,Cameroon,Africa,5.142,5142,2021
92,Senegal,Africa,5.132,5132,2021
93,Albania,Europe,5.117,5117,2021
94,North Macedonia,Europe,5.101,5101,2021
95,Ghana,Africa,5.088,5088,2021
96,Niger,Africa,5.074,5074,2021
97,Turkmenistan,Asia,5.066,5066,2021
98,Gambia,Africa,5.051,5051,2021
99,Benin,Africa,5.045,5045,2021
100,Laos,Asia,5.03,5030,2021
101,Bangladesh,Asia,5.025,5025,2021
102,Guinea,Africa,4.984,4984,2021
103,South Africa,Africa,4.956,4956,2021
104,Turkey,Africa,4.948,4948,2021
105,Pakistan,Asia,4.934,4934,2021
106,Morocco,Africa,4.918,4918,2021
107,Venezuela,South America,4.892,4892,2021
108,S. Geo. and the Is.,Europe,4.891,4891,2021
109,Algeria,Africa,4.887,4887,2021
110,Ukraine,Europe,4.875,4875,2021
111,Iraq,Africa,4.854,4854,2021
112,Gabon,Africa,4.852,4852,2021
113,Burkina Faso,Africa,4.834,4834,2021
114,Cambodia,Asia,4.83,4830,2021
115,Mozambique,Africa,4.794,4794,2021
116,Nigeria,Africa,4.759,4759,2021
117,Mali,Africa,4.723,4723,2021
118,Iran,Africa,4.721,4721,2021
119,Uganda,Africa,4.636,4636,2021
120,Liberia,Africa,4.625,4625,2021
121,Kenya,Africa,4.607,4607,2021
122,Tunisia,Africa,4.596,4596,2021
123,Lebanon,Africa,4.584,4584,2021
124,Namibia,Africa,4.574,4574,2021
125,Palestine,Africa,4.517,4517,2021
126,Myanmar,Asia,4.426,4426,2021
127,Jordan,Africa,4.395,4395,2021
128,Chad,Africa,4.355,4355,2021
129,Sri Lanka,Asia,4.325,4325,2021
130,eSwatini,Africa,4.308,4308,2021
131,Comoros,Africa,4.289,4289,2021
132,Egypt,Africa,4.283,4283,2021
133,Ethiopia,Africa,4.275,4275,2021
134,Mauritania,Africa,4.227,4227,2021
135,Madagascar,Africa,4.208,4208,2021
136,Togo,Africa,4.107,4107,2021
137,Zambia,Africa,4.073,4073,2021
138,Sierra Leone,Africa,3.849,3849,2021
139,India,Asia,3.819,3819,2021
140,Burundi,Africa,3.775,3775,2021
141,Yemen,Africa,3.658,3658,2021
142,Tanzania,Africa,3.623,3623,2021
143,Haiti,South America,3.615,3615,2021
144,Malawi,Africa,3.6,3600,2021
145,Lesotho,Africa,3.512,3512,2021
146,Botswana,Africa,3.467,3467,2021
147,Rwanda,Africa,3.415,3415,2021
148,Zimbabwe,Africa,3.145,3145,2021
149,Afghanistan,Asia,2.523,2523,2021
1,Finland,Europe,"7,821",7821,2022
2,Denmark,Europe,"7,636",7636,2022
3,Iceland,Europe,"7,557",7557,2022
4,Switzerland,Europe,"7,512",7512,2022
5,Netherlands,Europe,"7,415",7415,2022
6,Luxembourg,Europe,"7,404",7404,2022
7,Sweden,Europe,"7,384",7384,2022
8,Norway,Europe,"7,365",7365,2022
9,Israel,Africa,"7,364",7364,2022
10,New Zealand,Australasia,"7,200",7200,2022
11,Austria,Europe,"7,163",7163,2022
12,Australia,Australasia,"7,162",7162,2022
13,Ireland,Europe,"7,041",7041,2022
14,Germany,Europe,"7,034",7034,2022
15,Canada,North America,"7,025",7025,2022
16,United States of America,North America,"6,977",6977,2022
17,United Kingdom,Europe,"6,943",6943,2022
18,Czechia,Europe,"6,920",6920,2022
19,Belgium,Europe,"6,805",6805,2022
20,France,Europe,"6,687",6687,2022
21,Bahrain,Africa,"6,647",6647,2022
22,Slovenia,Europe,"6,630",6630,2022
23,Costa Rica,South America,"6,582",6582,2022
24,United Arab Emirates,Africa,"6,576",6576,2022
25,Saudi Arabia,Africa,"6,523",6523,2022
26,Taiwan,Asia,"6,512",6512,2022
27,Singapore,Asia,"6,480",6480,2022
28,Romania,Europe,"6,477",6477,2022
29,Spain,Europe,"6,476",6476,2022
30,Uruguay,South America,"6,474",6474,2022
31,Italy,Europe,"6,467",6467,2022
32,Kosovo,Europe,"6,455",6455,2022
33,Malta,Europe,"6,447",6447,2022
34,Lithuania,Europe,"6,446",6446,2022
35,Slovakia,Europe,"6,391",6391,2022
36,Estonia,Europe,"6,341",6341,2022
37,Panama,South America,"6,309",6309,2022
38,Brazil,South America,"6,293",6293,2022
39,Guatemala,South America,"6,262",6262,2022
40,Kazakhstan,Asia,"6,234",6234,2022
41,Cyprus,Europe,"6,221",6221,2022
42,Latvia,Europe,"6,180",6180,2022
43,Serbia,Europe,"6,178",6178,2022
44,Chile,South America,"6,172",6172,2022
45,Nicaragua,South America,"6,165",6165,2022
46,Mexico,South America,"6,128",6128,2022
47,Croatia,Europe,"6,125",6125,2022
48,Poland,Europe,"6,123",6123,2022
49,El Salvador,South America,"6,120",6120,2022
50,Kuwait,Africa,"6,106",6106,2022
51,Hungary,Europe,"6,086",6086,2022
52,Mauritius,Africa,"6,071",6071,2022
53,Uzbekistan,Asia,"6,063",6063,2022
54,Japan,Asia,"6,039",6039,2022
55,Honduras,South America,"6,022",6022,2022
56,Portugal,Europe,"6,016",6016,2022
57,Argentina,South America,"5,967",5967,2022
58,Greece,Europe,"5,948",5948,2022
59,South Korea,Asia,"5,935",5935,2022
60,Philippines,Asia,"5,904",5904,2022
61,Thailand,Asia,"5,891",5891,2022
62,Moldova,Europe,"5,857",5857,2022
63,Jamaica,South America,"5,850",5850,2022
64,Kyrgyzstan,Asia,"5,828",5828,2022
65,Belarus,Europe,"5,821",5821,2022
66,Colombia,South America,"5,781",5781,2022
67,Bosnia and Herzegovina,Europe,"5,768",5768,2022
68,Mongolia,Asia,"5,761",5761,2022
69,Dominican Rep.,South America,"5,737",5737,2022
70,Malaysia,Asia,"5,711",5711,2022
71,Bolivia,South America,"5,600",5600,2022
72,China,Asia,"5,585",5585,2022
73,Paraguay,South America,"5,578",5578,2022
74,Peru,South America,"5,559",5559,2022
75,Montenegro,Europe,"5,547",5547,2022
76,Ecuador,South America,"5,533",5533,2022
77,Vietnam,Asia,"5,485",5485,2022
78,Turkmenistan,Asia,"5,474",5474,2022
79,N. Cyprus,Europe,"5,467",5467,2022
80,Russia,Europe,"5,459",5459,2022
81,Hong Kong,Asia,"5,425",5425,2022
82,Armenia,Asia,"5,399",5399,2022
83,Tajikistan,Asia,"5,377",5377,2022
84,Nepal,Asia,"5,377",5377,2022
85,Bulgaria,Europe,"5,371",5371,2022
86,Libya,Africa,"5,330",5330,2022
87,Indonesia,Asia,"5,240",5240,2022
88,Côte d'Ivoire,Africa,"5,235",5235,2022
89,North Macedonia,Europe,"5,199",5199,2022
90,Albania,Europe,"5,199",5199,2022
91,South Africa,Africa,"5,194",5194,2022
92,Azerbaijan,Europe,"5,173",5173,2022
93,Gambia,Africa,"5,164",5164,2022
94,Bangladesh,Asia,"5,155",5155,2022
95,Laos,Asia,"5,140",5140,2022
96,Algeria,Africa,"5,122",5122,2022
97,Liberia,Africa,"5,122",5122,2022
98,Ukraine,Europe,"5,084",5084,2022
99,Dem. Rep. Congo,Africa,"5,075",5075,2022
100,Morocco,Africa,"5,060",5060,2022
101,Mozambique,Africa,"5,048",5048,2022
102,Cameroon,Africa,"5,048",5048,2022
103,Senegal,Africa,"5,046",5046,2022
104,Niger,Africa,"5,003",5003,2022
105,S. Geo. and the Is.,Europe,"4,973",4973,2022
106,Gabon,Africa,"4,958",4958,2022
107,Iraq,Africa,"4,941",4941,2022
108,Venezuela,South America,"4,925",4925,2022
109,Papua New Guinea,Australasia,"4,891",4891,2022
110,Iran,Africa,"4,888",4888,2022
111,Ghana,Africa,"4,872",4872,2022
112,Turkey,Africa,"4,744",4744,2022
113,Burkina Faso,Africa,"4,670",4670,2022
114,Cambodia,Asia,"4,640",4640,2022
115,Benin,Africa,"4,623",4623,2022
116,Comoros,Africa,"4,609",4609,2022
117,Uganda,Africa,"4,603",4603,2022
118,Nigeria,Africa,"4,552",4552,2022
119,Kenya,Africa,"4,543",4543,2022
120,Tunisia,Africa,"4,516",4516,2022
121,Pakistan,Asia,"4,516",4516,2022
122,Palestine,Africa,"4,483",4483,2022
123,Mali,Africa,"4,479",4479,2022
124,Namibia,Africa,"4,459",4459,2022
125,eSwatini,Africa,"4,396",4396,2022
126,Myanmar,Asia,"4,394",4394,2022
127,Sri Lanka,Asia,"4,362",4362,2022
128,Madagascar,Africa,"4,339",4339,2022
129,Egypt,Africa,"4,288",4288,2022
130,Chad,Africa,"4,251",4251,2022
131,Ethiopia,Africa,"4,241",4241,2022
132,Yemen,Africa,"4,197",4197,2022
133,Mauritania,Africa,"4,153",4153,2022
134,Jordan,Africa,"4,152",4152,2022
135,Togo,Africa,"4,112",4112,2022
136,India,Asia,"3,777",3777,2022
137,Zambia,Africa,"3,760",3760,2022
138,Malawi,Africa,"3,750",3750,2022
139,Tanzania,Africa,"3,702",3702,2022
140,Sierra Leone,Africa,"3,574",3574,2022
141,Lesotho,Africa,"3,512",3512,2022
142,Botswana,South America,"3,471",3471,2022
143,Rwanda,Africa,"3,268",3268,2022
144,Zimbabwe,Africa,"2,995",2995,2022
145,Lebanon,Africa,"2,955",2955,2022
146,Afghanistan,Asia,"2,404",2404,2022
